Month,Year,Min_Temperature,Max_Temperature,Humidity,Wind_Speed,Rainfall,Solar_Radiation,Region,Energy_Consumption
1,2015,19,36,17,9,0,197.8,1,246
2,2015,22,39,41,5,0,175.85,1,250
3,2015,25,41,33,6,0,191.43,1,244
4,2015,26,36,52,8,0,202.18,1,236
5,2015,24,36,58,4,5.9,175.12,1,212
6,2015,23,28,82,6,0.6,139.57,1,156
7,2015,24,30,76,6,0.8,143.76,1,227
8,2015,22,29,87,6,5.1,124.24,1,220
9,2015,23,28,90,5,10.8,139.43,1,250
10,2015,24,32,78,4,2.3,173.13,1,268
11,2015,21,34,37,4,0,191.43,1,284
12,2015,20,34,20,13,0,193.66,1,272
1,2016,21,38,17,7,0,197.26,1,303
2,2016,23,40,22,4,0,192.58,1,302
3,2016,28,39,37,6,0,182.57,1,301
4,2016,25,38,48,8,0.7,180.07,1,251
5,2016,23,35,62,7,0.3,173.42,1,219
6,2016,23,31,72,7,0.2,147.29,1,166
7,2016,22,24,94,6,31.8,141.3,1,134
8,2016,22,30,82,6,10.6,124.13,1,130
9,2016,22,31,72,5,0.8,143.76,1,162
10,2016,23,33,74,5,4.2,169.55,1,165
11,2016,22,37,30,6,0,192.13,1,186
12,2016,22,37,23,6,0,189.56,1,196
1,2017,23,39,19,5,0,194.46,1,194
2,2017,22,37,11,12,0,190.86,1,197
3,2017,23,39,24,9,0,209.28,1,218
4,2017,25,40,32,3,0,186.09,1,238
5,2017,23,35,62,6,0,183.48,1,227
6,2017,23,31,76,6,23.8,154.77,1,222.1
7,2017,22,31,79,7,5.9,142.74,1,225
8,2017,21,24,96,6,45.7,126.34,1,229
9,2017,22,30,85,5,1.3,145.91,1,219
10,2017,22,35,48,5,0,196.01,1,219
11,2017,24,36,47,4,0.5,188.35,1,244
12,2017,23,37,19,6,0,182.04,1,255
1,2018,22,37,10,7,0,197.67,1,257
2,2018,26,37,32,7,0.8,175.63,1,239
3,2018,27,39,41,7,0,191.07,1,252.1
4,2018,26,36,50,8,0,181.09,1,270.1
5,2018,24,33,65,5,2,167,1,263
6,2018,24,31,70,8,10.6,143.46,1,238
7,2018,22,30,85,6,18.1,142.54,1,218
8,2018,21,26,93,4,18.8,119.7,1,227
9,2018,23,30,83,5,4.6,152.73,1,226
10,2018,23,32,74,5,1,168.54,1,233
11,2018,23,37,35,3,0,186.81,1,253
12,2018,23,38,13,8,0,189.55,1,253
1,2019,24,37,16,6,0,193.45,1,263
2,2019,25,40,14,7,0,168.15,1,261
3,2019,27,41,19,7,0,201.51,1,258
4,2019,28,40,38,7,0,190.95,1,317
5,2019,26,34,59,10,0.2,166.72,1,275
6,2019,24,33,77,4,0,138.18,1,223
7,2019,21,25,95,6,23.7,135.2,1,226
8,2019,21,25,93,6,15.6,108.79,1,241
9,2019,21,30,86,5,1.6,154.49,1,232
10,2019,22,28,88,6,8,151.08,1,211
11,2019,23,35,53,5,0,179.4,1,228
12,2019,23,38,22,9,0,192.63,1,242
1,2020,21,38,24,7,0,194.6,1,242
2,2020,25,40,15,10,0,195.01,1,238
3,2020,27,37,56,6,0,199.48,1,202
4,2020,25,38,53,8,0,189.16,1,195
5,2020,25,33,76,8,7.1,177.58,1,176
6,2020,23,31,83,4,0.5,158.26,1,177
7,2020,21,28,91,6,6.8,136.75,1,181
8,2020,22,28,92,6,5.6,137.73,1,183
9,2020,23,27,92,6,1.2,128.86,1,168
10,2020,23,32,78,4,0.3,185.37,1,225
11,2020,23,35,37,6,0,189.8,1,179
12,2020,23,37,34,6,0,190.67,1,222
1,2015,18,37,34,6,0,197.8,2,165
2,2015,24,33,76,7,1.2,175.85,2,130.9
3,2015,25,33,77,6,4.2,191.43,2,125.5
4,2015,25,32,79,6,2.5,202.18,2,128.9
5,2015,24,34,81,5,5.8,175.12,2,134.7
6,2015,23,26,93,6,10,139.57,2,103.3
7,2015,24,30,87,5,4.2,143.76,2,102.8
8,2015,24,29,90,6,1.9,124.24,2,125.4
9,2015,23,27,85,7,53.5,139.43,2,128.2
10,2015,24,29,87,4,9.9,173.13,2,138.6
11,2015,23,33,78,5,3.6,191.43,2,140.9
12,2015,21,36,30,8,0,193.66,2,155
1,2016,23,37,69,5,0,197.26,2,159
2,2016,24,36,72,5,3.1,192.58,2,161
3,2016,26,36,81,6,12.1,182.57,2,185
4,2016,25,33,78,6,5.4,180.07,2,154
5,2016,24,32,78,5,5.8,173.42,2,157
6,2016,23,28,87,6,14.4,147.29,2,130
7,2016,23,28,81,8,10.3,141.3,2,109
8,2016,23,27,86,7,3,124.13,2,140
9,2016,23,30,84,5,5.4,143.76,2,142
10,2016,23,31,88,4,16.7,169.55,2,147
11,2016,24,33,78,5,2,192.13,2,163
12,2016,24,34,73,4,0.6,189.56,2,143
1,2017,24,36,69,5,0.7,194.46,2,157
2,2017,24,38,48,5,0,190.86,2,142
3,2017,26,33,74,8,3.7,209.28,2,138
4,2017,26,33,77,5,5.7,186.09,2,140
5,2017,24,32,76,5,4.4,183.48,2,141
6,2017,24,28,90,5,9.3,154.77,2,158.6
7,2017,22,28,82,6,6.5,142.74,2,129
8,2017,23,27,92,5,16.8,126.34,2,148.4
9,2017,23,29,88,4,6.4,145.91,2,147.3
10,2017,24,31,88,5,9.5,196.01,2,165.8
11,2017,24,31,86,5,2.3,188.35,2,174.1
12,2017,24,34,73,5,0.5,182.04,2,166
1,2018,24,38,58,4,0,197.67,2,181.5
2,2018,25,32,76,6,6.2,175.63,2,184.9
3,2018,24,33,78,7,4.7,191.07,2,155.2
4,2018,25,32,80,6,19.7,181.09,2,174.3
5,2018,24,32,73,5,2.7,167,2,193.8
6,2018,24,27,90,6,11,143.46,2,177.6
7,2018,23,27,91,6,12.9,142.54,2,173
8,2018,23,27,90,6,3.7,119.7,2,177.9
9,2018,24,28,90,5,15.2,152.73,2,187
10,2018,24,30,87,4,6.4,168.54,2,167
11,2018,24,33,78,3,4.7,186.81,2,171.1
12,2018,24,37,56,5,0,189.55,2,178.8
1,2019,25,35,69,7,0.2,193.45,2,191.2
2,2019,26,38,62,5,0.1,168.15,2,195.1
3,2019,26,33,75,4,5.2,201.51,2,188.6
4,2019,26,34,75,7,0.1,190.95,2,192.6
5,2019,25,33,77,7,4.5,166.72,2,183.1
6,2019,24,31,88,6,0.2,138.18,2,179.2
7,2019,23,26,93,6,12.6,135.2,2,148.9
8,2019,23,26,92,6,9.8,108.79,2,163.2
9,2019,23,27,93,3,9.8,154.49,2,149.2
10,2019,23,28,92,6,18.7,151.08,2,141.5
11,2019,24,32,82,5,1.1,179.4,2,146.2
12,2019,24,35,63,4,0,192.63,2,164
1,2020,23,38,66,5,0,194.6,2,173.4
2,2020,26,38,66,5,26,195.01,2,185.9
3,2020,26,32,83,7,1.6,199.48,2,179.9
4,2020,25,32,75,7,1.3,189.16,2,158.2
5,2020,25,31,82,7,12.4,177.58,2,156.3
6,2020,23,29,90,5,14.6,158.26,2,179.5
7,2020,23,27,93,7,17.5,136.75,2,165.2
8,2020,22,28,86,8,5.1,137.73,2,182
9,2020,22,26,96,7,32.6,128.86,2,198.1
10,2020,24,30,90,5,4.9,185.37,2,178.5
11,2020,24,31,82,4,0.2,189.8,2,186
12,2020,23,31,86,4,0.4,190.67,2,195.1
1,2015,20,36,50,6,0,187.68,3,191.8
2,2015,25,32,76,9,1.9,161.55,3,195
3,2015,26,31,78,9,8.7,176,3,155
4,2015,25,31,81,7,2.1,194.18,3,163
5,2015,24,32,78,6,15.9,170.14,3,133.5
6,2015,23,26,92,7,3.6,11.04,3,117.3
7,2015,24,28,87,6,7.9,153.53,3,177
8,2015,24,28,90,7,4,143.19,3,223.4
9,2015,23,27,89,6,10.4,130.82,3,234.1
10,2015,24,29,89,6,6.8,167.6,3,245.9
11,2015,24,30,84,7,9.9,166.99,3,227.4
12,2015,21,35,41,8,0,188.89,3,211.6
1,2016,25,34,75,7,0.2,182.67,3,203
2,2016,24,34,76,8,2,183.63,3,211.4
3,2016,26,31,83,7,11.8,173.97,3,186.4
4,2016,25,31,81,7,5.1,189.87,3,169.3
5,2016,24,30,78,7,11.2,166.39,3,150.3
6,2016,24,28,87,7,10.7,123.85,3,124.2
7,2016,23,25,91,7,15.6,144.7,3,111.4
8,2016,23,27,89,8,22.3,147.49,3,167
9,2016,24,29,88,7,7.4,131.28,3,204.6
10,2016,23,29,86,5,5.3,151.93,3,208.9
11,2016,25,30,84,7,8.4,161.87,3,215.8
12,2016,24,32,78,6,0.9,172.67,3,201.7
1,2017,25,33,78,8,4.3,184.03,3,198.2
2,2017,25,36,61,4,0,173.44,3,172.7
3,2017,26,32,79,9,0.6,190.59,3,207
4,2017,25,31,81,6,1.9,178.1,3,229
5,2017,23,32,78,6,11,161.01,3,209
6,2017,24,27,90,7,19.1,118.61,3,227
7,2017,23,29,83,8,4.7,116.39,3,211.4
8,2017,24,26,87,12,2.8,122.45,3,198
9,2017,24,30,80,8,1.3,140.08,3,180.8
10,2017,25,29,87,7,18.6,161.67,3,204
11,2017,25,30,82,8,1.3,164.09,3,231.7
12,2017,26,31,77,8,3.8,165.3,3,251
1,2018,25,35,67,8,0,187.79,3,257.3
2,2018,26,32,73,9,9.6,150.91,3,227
3,2018,25,32,75,10,1.5,189.39,3,234
4,2018,26,32,77,8,11,176.4,3,267
5,2018,24,31,79,6,5,164.82,3,260
6,2018,24,26,87,9,35.2,139.95,3,229
7,2018,24,28,86,9,2.4,129.37,3,226
8,2018,24,27,85,7,7.5,148.72,3,227
9,2018,25,28,84,7,12.3,132.56,3,226
10,2018,25,30,83,7,3.6,157.11,3,215
11,2018,26,31,89,6,8.4,152.16,3,240
12,2018,25,36,62,6,0,177.76,3,252
1,2019,26,33,70,8,0.5,166.03,3,265
2,2019,27,36,65,8,0,150.65,3,250
3,2019,27,32,74,8,8.4,189.84,3,247
4,2019,26,32,76,8,0.2,181.13,3,270
5,2019,26,32,79,7,1.5,158.5,3,233.1
6,2019,25,29,86,7,4,120.51,3,238.8
7,2019,24,25,90,8,26.1,128.75,3,226.8
8,2019,24,26,87,8,15.7,159.16,3,246.4
9,2019,24,27,89,5,6.2,136.35,3,257.8
10,2019,24,28,87,6,20.4,128.71,3,237.6
11,2019,25,31,83,6,2.6,159.99,3,237.1
12,2019,26,34,70,6,0,162.57,3,259.3
1,2020,24,35,69,8,0,187.66,3,268.7
2,2020,25,36,71,8,0,185.36,3,258.6
3,2020,26,32,81,9,3,184.67,3,265.5
4,2020,25,32,78,6,3,172.37,3,237.5
5,2020,25,32,81,7,9.5,165.76,3,262.7
6,2020,24,27,93,6,19,124.2,3,269
7,2020,23,25,94,7,25.4,133.77,3,230
8,2020,24,28,79,11,1.7,171.34,3,247.3
9,2020,22,24,95,7,161.6,129.8,3,252.3
10,2020,24,29,89,7,8.4,160.57,3,269.2
11,2020,25,30,83,6,3.4,158.72,3,266.2
12,2020,24,30,84,5,5.3,169.88,3,270.9
1,2015,20,35,47,7,0,182.62,4,152
2,2015,23,31,78,11,0.2,148.34,4,134
3,2015,24,32,81,8,4.6,150.78,4,121
4,2015,24,30,84,7,3.9,158.91,4,122
5,2015,23,32,78,7,9.9,140.11,4,116.3
6,2015,22,26,92,11,0.7,105.34,4,105.2
7,2015,22,26,92,11,0.7,101.14,4,127
8,2015,22,28,87,10,1.5,107.5,4,153
9,2015,22,26,91,10,12.6,119.02,4,160
10,2015,23,29,83,6,10.7,131.45,4,153
11,2015,22,32,74,7,8,141.91,4,140.6
12,2015,21,35,48,7,0,188.48,4,168.6
1,2016,24,36,69,9,0,187.08,4,196
2,2016,25,36,73,10,0.5,180.95,4,198.5
3,2016,25,31,82,10,7.9,141.13,4,195
4,2016,24,31,81,7,8.1,145.87,4,172.9
5,2016,23,31,80,7,8.2,143.58,4,161.8
6,2016,22,27,89,8,13,117.98,4,154.1
7,2016,21,25,92,9,8.6,96.91,4,132.4
8,2016,21,28,88,11,2.2,116.14,4,145.5
9,2016,22,29,87,8,19.6,112.26,4,133
10,2016,23,25,91,3,8.5,132.56,4,131.1
11,2016,23,31,79,7,7.8,140.34,4,136.1
12,2016,23,31,75,6,7.4,166.75,4,121.2
1,2017,23,32,75,9,2.4,166.26,4,134
2,2017,23,35,56,6,0,175.84,4,128.2
3,2017,24,32,77,11,1.8,150.48,4,127.3
4,2017,24,33,79,9,15,152.97,4,124.4
5,2017,23,32,73,6,0.3,134.48,4,117.9
6,2017,22,26,88,8,9.9,106.18,4,129.9
7,2017,22,28,84,9,7.6,113.04,4,118.6
8,2017,22,26,86,15,1.4,105.1,4,134.7
9,2017,22,29,85,7,13.4,117.7,4,133.5
10,2017,23,28,88,5,19.5,134.62,4,125
11,2017,22,31,81,9,7.4,141.84,4,137.2
12,2017,23,32,73,8,0.7,162.86,4,134.1
1,2018,23,35,69,9,0,190.18,4,152.2
2,2018,24,32,71,10,6.7,144.06,4,123.9
3,2018,23,33,74,10,1.7,142.17,4,92.4
4,2018,24,31,76,7,6.4,140.49,4,124
5,2018,23,33,73,8,0,143.07,4,116.6
6,2018,22,27,85,12,113.1,125.74,4,118.6
7,2018,21,25,89,11,24.6,107,4,114.5
8,2018,22,26,87,9,14.7,116.26,4,122.9
9,2018,22,27,88,7,15.4,125.76,4,119.7
10,2018,23,30,83,8,7.5,135.08,4,119.5
11,2018,24,32,76,6,8.3,132.3,4,116.9
12,2018,22,34,65,8,0,179.32,4,121.1
1,2019,23,33,70,11,2.1,169.22,4,134.2
2,2019,24,35,65,10,0.5,160.84,4,125.7
3,2019,25,32,70,11,7.4,150.55,4,118.2
4,2019,24,33,75,10,3.2,148.62,4,135.9
5,2019,24,31,76,11,0.1,140.16,4,124.2
6,2019,24,29,85,9,18.2,116.29,4,121.5
7,2019,22,29,85,10,4.9,98.86,4,117.2
8,2019,23,27,84,11,3.9,120.32,4,120.1
9,2019,21,26,93,6,25.7,122.26,4,118.3
10,2019,22,27,86,7,20.9,130.37,4,123.6
11,2019,24,30,80,7,3.6,134.49,4,129.1
12,2019,25,34,67,8,0.1,169.94,4,126.3
1,2020,24,33,69,8,0,189.86,4,123.3
2,2020,25,36,64,10,0,176.46,4,148.4
3,2020,25,30,74,10,8.4,168.01,4,150.1
4,2020,24,32,70,8,0.3,147.47,4,118
5,2020,23,28,82,9,8.5,144.88,4,121.9
6,2020,22,27,87,6,15.3,111.67,4,115.5
7,2020,21,25,93,8,21.2,102.32,4,111.5
8,2020,22,29,77,13,2.4,149.12,4,113
9,2020,21,25,94,8,59.1,115.04,4,125.1
10,2020,23,29,82,9,7.3,139.54,4,123.3
11,2020,23,30,78,8,0.7,140.58,4,141
12,2020,23,29,78,7,2.3,163.77,4,154
1,2015,34,21,15,16,0,194.11,5,162
2,2015,24,35,17,8,0,160.11,5,159
3,2015,26,36,62,10,0,182.76,5,146
4,2015,25,35,72,9,1.3,184.28,5,139
5,2015,25,32,75,9,10.2,167.6,5,136
6,2015,23,27,89,13,0.3,147.74,5,118
7,2015,24,29,80,12,1.9,127.5,5,148
8,2015,23,29,82,11,4.2,137.46,5,158
9,2015,23,25,94,10,17.8,143.72,5,168
10,2015,24,30,79,7,5,155.94,5,155
11,2015,22,32,55,6,0,174.82,5,176
12,2015,21,33,23,18,0,192.8,5,176
1,2016,21,36,45,7,0,193.95,5,181
2,2016,24,37,56,10,0,189.05,5,184
3,2016,27,34,66,12,7,160.87,5,173
4,2016,25,33,69,10,1.3,174.02,5,164
5,2016,24,33,71,8,5.1,164.92,5,144
6,2016,23,29,85,9,8.1,142.37,5,126
7,2016,21,25,93,12,6.8,133.83,5,102
8,2016,22,29,83,12,2.8,139.24,5,90
9,2016,23,30,82,7,5.6,141.13,5,108
10,2016,23,29,83,8,24.6,158.38,5,122
11,2016,24,32,69,9,0,179.56,5,156
12,2016,24,33,59,8,0.5,186.74,5,149
1,2017,25,37,56,9,0,189.16,5,136
2,2017,21,36,19,13,0,187.67,5,124
3,2017,27,34,62,13,1,188.2,5,154
4,2017,26,34,67,10,5.8,170.58,5,177
5,2017,23,32,67,7,0,172.16,5,133
6,2017,22,26,90,11,5.5,152.11,5,138
7,2017,22,29,81,11,7.7,144.46,5,130
8,2017,22,25,92,10,32.2,128.9,5,139
9,2017,22,28,86,5,0.2,140.42,5,136
10,2017,23,29,87,8,14.3,171.64,5,128
11,2017,23,29,87,8,14.3,173.11,5,129
12,2017,25,35,51,5,0.1,178.97,5,140
1,2018,22,36,15,7,0,198.77,5,161
2,2018,26,36,54,9,0.2,168.02,5,142
3,2018,25,33,62,11,0.1,177.34,5,128
4,2018,25,34,63,9,10,174.84,5,130
5,2018,24,32,70,8,0.2,170.01,5,122
6,2018,22,27,84,11,15.4,155.39,5,124
7,2018,22,28,91,9,21.6,138.05,5,109
8,2018,21,27,89,8,12.4,135.61,5,123
9,2018,23,28,88,7,10.3,135.11,5,125
10,2018,23,29,84,6,7.5,160.97,5,119
11,2018,25,33,60,5,1.5,174.52,5,124
12,2018,23,35,18,9,0,188.3,5,127
1,2019,24,36,55,7,0,180.47,5,142
2,2019,25,37,38,7,0,165.9,5,144
3,2019,27,36,60,12,1.1,185.11,5,127
4,2019,26,35,62,10,0,171.58,5,142
5,2019,25,33,70,12,0,173.83,5,135
6,2019,24,31,85,8,0.3,135.19,5,129
7,2019,23,30,84,7,8.4,134.44,5,121
8,2019,21,27,92,10,4.2,129.33,5,119
9,2019,22,28,92,5,3.2,149.3,5,131
10,2019,22,26,92,6,8.7,142.83,5,125
11,2019,23,31,81,6,0,166.4,5,135
12,2019,23,35,43,6,0,188.85,5,142
1,2020,22,37,52,7,0,194.54,5,145
2,2020,23,38,53,6,0,193.72,5,151
3,2020,26,32,69,12,0.8,177.9,5,148
4,2020,24,32,68,9,0,168.9,5,126
5,2020,23,30,87,8,6.1,173.44,5,114
6,2020,23,28,90,6,8.7,149.9,5,116
7,2020,21,26,94,10,30.5,139.87,5,118
8,2020,22,29,88,12,10.2,159.38,5,128
9,2020,21,25,96,8,20.9,127.81,5,164
10,2020,23,30,88,8,1.3,162.48,5,153
11,2020,23,33,66,6,0,184.37,5,167
12,2020,23,34,67,7,0,180.63,5,170
1,2015,18,36,23,6,0,187.47,6,235.2
2,2015,24,34,71,8,0.9,163.9,6,236.5
3,2015,24,36,69,7,1.7,173.29,6,204
4,2015,24,33,76,6,0,179.67,6,230.6
5,2015,24,32,77,4,9.2,175.54,6,199.3
6,2015,22,26,93,5,11.1,138.97,6,181.1
7,2015,23,30,85,7,7.5,123.35,6,240.3
8,2015,23,29,85,9,1.9,117.45,6,283.6
9,2015,22,30,86,7,20.6,120.19,6,281.3
10,2015,23,32,81,5,2.5,155.23,6,260.3
11,2015,23,33,71,5,0.2,159.02,6,244.7
12,2015,20,35,26,10,0,189.69,6,237.4
1,2016,22,38,55,4,0,186.02,6,238
2,2016,23,37,66,6,0.1,182.16,6,232.2
3,2016,25,33,77,5,19.1,167.04,6,199.2
4,2016,24,33,74,7,0.4,178.55,6,188.3
5,2016,24,31,73,6,10.3,164.29,6,169.3
6,2016,23,29,85,6,20,135.01,6,161.3
7,2016,22,26,91,7,12.8,125.96,6,138.5
8,2016,22,27,88,7,1.3,133.07,6,183.8
9,2016,23,31,83,5,6.8,125.1,6,211.7
10,2016,23,32,81,6,5.5,150.02,6,202.4
11,2016,23,34,73,5,0,166.03,6,182.7
12,2016,23,34,70,5,0,176.33,6,187.9
1,2017,22,38,62,4,0,181.64,6,192.5
2,2017,23,38,31,7,0,177.39,6,176.4
3,2017,24,38,68,8,0,186.75,6,192.7
4,2017,25,35,72,7,0.5,172.51,6,196.2
5,2017,24,33,73,6,3.6,168.19,6,195.7
6,2017,22,29,85,7,3.5,141.67,6,200.3
7,2017,22,28,84,6,8,119.02,6,199.8
8,2017,22,26,92,8,17.9,106.88,6,198.2
9,2017,22,29,84,4,0.7,123.83,6,199
10,2017,24,33,75,5,0,167.44,6,200.9
11,2017,24,33,77,6,1.4,163.15,6,215.4
12,2017,24,36,61,4,0,169.66,6,226.8
1,2018,24,38,43,5,0,193.2,6,245.1
2,2018,26,33,65,8,2,155.84,6,237.6
3,2018,25,34,65,8,4.6,181.42,6,232.7
4,2018,24,34,71,8,2,165.95,6,245.7
5,2018,23,33,68,6,0.9,163.54,6,242.1
6,2018,24,29,83,9,7.8,137.45,6,240.4
7,2018,23,29,84,7,4.1,124.87,6,213.9
8,2018,22,28,88,8,11.4,117.85,6,229.7
9,2018,23,28,88,4,11.1,138.84,6,245
10,2018,24,30,84,5,0.4,157.17,6,208.8
11,2018,24,33,69,4,3.2,164.22,6,217.2
12,2018,25,38,49,4,0,185.9,6,234.1
1,2019,25,37,59,8,0,178.95,6,257.6
2,2019,26,38,60,6,0,160.91,6,245
3,2019,26,36,65,9,0.1,179.64,6,235.4
4,2019,27,34,70,7,0.2,169.36,6,242
5,2019,24,34,68,5,0.7,166.37,6,236.4
6,2019,23,32,82,7,0.4,129.36,6,243.6
7,2019,23,30,88,6,5.7,127.95,6,227.3
8,2019,22,27,92,8,12,136.67,6,253.9
9,2019,22,28,93,4,15.4,129.5,6,258.9
10,2019,22,27,91,6,18.3,138.47,6,228.7
11,2019,24,31,84,5,0.7,157.33,6,240
12,2019,23,37,51,5,0,178.71,6,262.2
1,2020,22,38,64,6,0,190.57,6,284.6
2,2020,23,38,68,6,0,188.99,6,289.8
3,2020,27,33,72,10,1,170.78,6,248.4
4,2020,25,34,73,9,0.5,172.79,6,212.8
5,2020,24,33,77,9,1.1,164.68,6,194.9
6,2020,23,30,80,6,5.3,135.24,6,204.1
7,2020,22,24,93,7,10.9,121.36,6,200.9
8,2020,22,29,82,9,1.7,133.29,6,220
9,2020,22,25,94,8,3.2,123.22,6,235.7
10,2020,23,29,89,6,0.7,157.45,6,212.7
11,2020,22,33,73,3,0,173.67,6,256.2
12,2020,23,35,72,6,0,179.05,6,281
1,2015,21,32,43,11,0,194.11,7,250.7
2,2015,26,31,78,15,0.6,160.11,7,253.6
3,2015,27,33,76,14,4.9,182.76,7,235.4
4,2015,27,32,76,13,1.5,184.28,7,264.5
5,2015,26,32,73,8,7.3,167.6,7,204.2
6,2015,26,27,84,11,2.3,147.74,7,184.5
7,2015,25,29,79,14,33.3,127.5,7,248
8,2015,24,28,82,17,2.1,137.46,7,312.8
9,2015,24,29,81,17,5.5,143.72,7,333.4
10,2015,25,31,78,9,3.5,155.94,7,313.7
11,2015,26,31,76,12,0.8,174.82,7,270.8
12,2015,22,35,44,10,0,192.8,7,272.2
1,2016,25,34,79,12,0.2,193.95,7,284.1
2,2016,26,32,81,14,0.5,189.05,7,302.9
3,2016,27,33,74,12,5.9,160.87,7,252.3
4,2016,27,32,76,14,0.1,174.02,7,231.3
5,2016,26,30,73,11,12,164.92,7,193.6
6,2016,25,27,82,13,9.7,142.37,7,148.9
7,2016,24,27,82,19,8.6,133.83,7,142.7
8,2016,24,26,87,17,10.3,139.24,7,168.7
9,2016,24,30,81,11,5.5,141.13,7,204.5
10,2016,26,31,77,9,8.8,158.38,7,206.6
11,2016,27,33,76,11,2.6,179.56,7,204.3
12,2016,26,31,74,11,1,186.74,7,198.6
1,2017,25,34,74,13,0.2,189.16,7,190.9
2,2017,26,34,69,9,0.2,187.67,7,180.8
3,2017,27,37,76,16,0.9,188.2,7,188.5
4,2017,27,33,74,11,0.4,170.58,7,204.4
5,2017,26,32,71,10,9.5,172.16,7,185.7
6,2017,25,29,79,11,3.7,152.11,7,204
7,2017,25,28,83,16,32.3,144.46,7,201.2
8,2017,24,25,88,17,22,128.9,7,211.9
9,2017,24,29,79,13,0.7,140.43,7,240.9
10,2017,26,32,78,12,2.8,171.64,7,224
11,2017,26,31,78,14,2.7,173.11,7,228
12,2017,27,32,76,13,1.2,178.97,7,221.2
1,2018,25,34,75,10,0,198.77,7,247.1
2,2018,27,31,74,14,5.2,168.02,7,251.1
3,2018,27,32,73,18,4.8,177.34,7,257.9
4,2018,26,32,73,15,4.6,174.84,7,286.6
5,2018,25,32,72,9,1.6,170.01,7,296.2
6,2018,25,30,79,19,26.8,155.39,7,269.7
7,2018,25,27,85,15,5,138.05,7,254.5
8,2018,24,29,79,16,2.9,135.61,7,269.7
9,2018,25,29,78,10,7.4,135.11,7,276.7
10,2018,25,30,78,12,1.2,160.97,7,267.7
11,2018,26,31,72,10,4,174.52,7,287
12,2018,27,33,69,9,0,188.3,7,296.5
1,2019,27,32,73,16,0.9,180.47,7,312
2,2019,28,33,73,13,1.7,165.9,7,297.6
3,2019,28,33,75,15,0,185.11,7,283
4,2019,28,33,73,16,0.6,171.58,7,314
5,2019,27,32,73,16,0.6,173.83,7,296.7
6,2019,26,29,83,14,0.2,135.19,7,304.2
7,2019,24,27,89,14,1.3,134.44,7,302.6
8,2019,25,29,81,16,4,129.33,7,316.5
9,2019,25,26,87,9,16.1,149.3,7,324
10,2019,24,27,83,11,41.3,142.83,7,306
11,2019,26,31,72,12,1.2,166.4,7,311.8
12,2019,27,32,75,12,0,188.85,7,336.2
1,2020,25,33,70,12,0,194.54,7,351.5
2,2020,27,33,73,12,0.5,193.72,7,355.3
3,2020,27,32,72,19,1.2,177.9,7,354.9
4,2020,27,32,67,16,0.3,168.9,7,324.6
5,2020,27,32,70,16,1.7,173.44,7,332.3
6,2020,24,30,75,13,3.4,149.9,7,357.7
7,2020,25,26,80,15,7.4,139.87,7,321.6
8,2020,24,28,75,18,0.3,159.38,7,345
9,2020,25,26,83,16,4.3,127.81,7,345.3
10,2020,26,30,77,16,1.9,162.48,7,365.7
11,2020,26,31,74,11,0.1,184.37,7,327.6
12,2020,26,31,73,13,0.5,180.63,7,377.2
1,2015,10,27,26,11,0,194.11,8,91
2,2015,14,33,33,4,0,160.11,8,120
3,2015,19,34,22,10,0,182.76,8,68.3
4,2015,18,32,47,9,0,184.28,8,85
5,2015,20,30,54,7,1.1,167.6,8,60
6,2015,20,24,86,8,16.6,147.74,8,58
7,2015,19,27,79,8,11.7,127.5,8,71
8,2015,18,26,86,7,3.7,137.46,8,84
9,2015,19,25,85,4,13.4,143.72,8,109
10,2015,19,29,78,6,2,155.94,8,99
11,2015,17,29,28,7,0,174.82,8,103
12,2015,13,25,32,13,0,192.8,8,117
1,2016,14,31,27,7,0,193.95,8,196
2,2016,14,33,22,7,0,189.05,8,198.5
3,2016,22,33,36,9,0,160.87,8,195
4,2016,21,33,44,9,0,174.02,8,172.9
5,2016,20,32,63,7,2.5,164.92,8,161.8
6,2016,20,28,74,8,10.9,142.37,8,154.1
7,2016,18,21,94,9,7.2,133.83,8,132.4
8,2016,19,26,87,5,16.4,139.24,8,145.5
9,2016,19,27,80,6,1.2,141.13,8,133
10,2016,18,29,68,6,1,158.38,8,131.1
11,2016,18,31,31,10,0,179.56,8,136.1
12,2016,15,30,21,7,0,187.74,8,121.2
1,2017,16,33,24,6,0,189.16,8,77
2,2017,13,27,16,14,0,187.67,8,64
3,2017,16,35,20,7,0,188.2,8,74
4,2017,21,33,27,8,0,170.58,8,81.8
5,2017,19,31,60,6,0.5,172.16,8,84.9
6,2017,19,26,83,8,17.3,152.11,8,73
7,2017,18,26,84,6,15.9,144.46,8,75
8,2017,18,20,92,9,33.2,128.9,8,85
9,2017,18,27,83,5,12,140.42,8,79
10,2017,18,29,37,9,0,171.64,8,78
11,2017,22,32,24,7,0,173.11,8,82
12,2017,18,32,21,5,0,178.97,8,91
1,2018,13,29,15,10,0,198.77,8,89
2,2018,19,33,20,5,0,168.02,8,83
3,2018,20,35,13,6,0,177.34,8,75
4,2018,22,32,59,7,16.3,174.84,8,76
5,2018,21,31,58,6,0.3,170.01,8,68
6,2018,20,28,77,13,3.7,155.39,8,63
7,2018,18,26,84,6,28,138.05,8,62
8,2018,17,24,86,7,7.9,135.61,8,59
9,2018,19,28,74,6,6.6,135.11,8,62
10,2018,18,30,58,6,0,160.97,8,62
11,2018,19,31,28,7,0,174.52,8,67
12,2018,16,30,29,12,0,188.3,8,65
1,2019,17,32,15,7,0,180.47,8,79
2,2019,17,32,17,9,0,165.9,8,70
3,2019,19,34,13,13,0,185.11,8,73.5
4,2019,21,35,19,5,0,171.58,8,72.4
5,2019,22,30,64,13,3.4,173.83,8,71.4
6,2019,21,30,67,9,2.8,135.19,8,73.8
7,2019,17,23,88,7,50,134.44,8,74.9
8,2019,18,22,91,12,3.6,129.33,8,75.2
9,2019,19,28,79,5,1.3,149.3,8,73.7
10,2019,19,25,81,4,4.6,142.83,8,72.4
11,2019,20,31,35,7,0,166.4,8,76.3
12,2019,15,29,31,13,0,188.85,8,75.6
1,2020,15,29,31,12,0,194.54,8,80.1
2,2020,16,31,20,13,0,193.72,8,82.1
3,2020,21,36,24,8,0,177.9,8,83.1
4,2020,20,32,56,14,0,168.9,8,62.9
5,2020,20,28,74,14,7.2,173.44,8,60.4
6,2020,19,26,85,7,4.2,149.9,8,56.6
7,2020,18,25,86,7,6.2,139.87,8,54.6
8,2020,18,24,92,10,5.1,159.38,8,56.5
9,2020,19,24,86,11,1.3,127.81,8,56
10,2020,19,30,55,7,0,162.48,8,63.5
11,2020,16,28,29,8,0,184.37,8,64.3
12,2020,16,29,26,9,0,180.63,8,69.3
1,2015,14,32,20,6,0,199.28,9,21
2,2015,19,40,15,6,0,185.91,9,19.4
3,2015,25,41,20,7,0,204.6,9,19
4,2015,26,40,35,8,0,207.53,9,21
5,2015,27,38,50,7,0,189.8,9,19.4
6,2015,26,33,68,8,0,175.86,9,16.8
7,2015,25,36,67,6,6.1,170.89,9,24
8,2015,23,32,75,7,2.6,162.46,9,30.8
9,2015,22,29,87,6,18.9,161.74,9,34
10,2015,24,33,68,6,0.6,188.34,9,36
11,2015,22,36,23,5,0,191.45,9,45.7
12,2015,16,31,27,6,0,187.61,9,48
1,2016,18,36,18,4,0,197.88,9,46
2,2016,19,40,11,5,0,195.33,9,49.7
3,2016,27,42,33,7,0,198.14,9,36.6
4,2016,28,40,36,8,0,198.21,9,39
5,2016,25,35,63,6,0,180.93,9,31.2
6,2016,25,34,66,7,1.1,174.98,9,18
7,2016,23,31,77,8,11.8,164.83,9,10.5
8,2016,22,33,73,5,10.3,161.12,9,28
9,2016,22,33,68,8,5.1,173.01,9,45
10,2016,23,34,61,7,0.5,182.67,9,47.7
11,2016,25,38,24,6,0,193.93,9,50.7
12,2016,19,36,15,3,0,190.16,9,47
1,2017,18,38,18,4,0,198.27,9,36.3
2,2017,17,35,15,5,0,192.37,9,32.7
3,2017,20,42,13,3,0,223.14,9,41
4,2017,27,39,28,5,0,180.48,9,51.8
5,2017,26,38,53,7,0,185.22,9,39
6,2017,24,33,71,6,3.4,170.49,9,41
7,2017,24,33,67,7,2.6,156.17,9,47
8,2017,22,27,85,10,46,152.37,9,50
9,2017,22,29,78,7,0.3,161.58,9,51
10,2017,25,37,40,5,0,199.89,9,47.7
11,2017,24,39,28,7,0,191.53,9,56
12,2017,23,38,18,4,0,188.54,9,57.3
1,2018,20,34,12,4,0,199.93,9,59.9
2,2018,24,39,16,4,0,189.83,9,51.8
3,2018,26,42,15,6,0,213.11,9,53
4,2018,30,37,46,10,4.3,205.61,9,60
5,2018,27,37,46,9,0,192.36,9,53
6,2018,26,35,57,14,0,167.17,9,47
7,2018,23,33,65,8,1,171.84,9,44
8,2018,21,32,76,9,0,163.21,9,52
9,2018,23,34,66,4,1.2,171.93,9,52
10,2018,25,38,55,7,0,204.41,9,45
11,2018,25,38,23,3,0,193.01,9,55
12,2018,20,34,19,5,0,189.9,9,64
1,2019,21,38,6,5,0,196.08,9,63
2,2019,24,38,13,5,0,180.93,9,61
3,2019,28,41,9,8,0,218.75,9,61
4,2019,27,42,15,9,0,204.49,9,74
5,2019,28,38,45,12,0,177.44,9,67
6,2019,25,36,66,5,1.6,177.54,9,57
7,2019,22,27,87,7,34.3,163.31,9,56
8,2019,23,30,83,11,0,147.18,9,56
9,2019,23,29,87,8,1.7,169.03,9,61
10,2019,22,29,88,5,1.5,172.19,9,61
11,2019,24,38,28,4,0,189.65,9,64
12,2019,22,35,22,5,0,194.02,9,67
1,2020,20,36,23,9,0,198.55,9,61
2,2020,23,38,17,6,0,198.05,9,62
3,2020,26,43,15,7,0,211.99,9,38
4,2020,28,39,40,14,0,204.37,9,45
5,2020,28,37,55,11,0.1,192.15,9,44
6,2020,23,31,80,11,0,168.7,9,43
7,2020,24,31,79,7,1,166.28,9,43
8,2020,23,28,87,9,6.7,170.57,9,42
9,2020,23,29,83,10,28,159.87,9,43
10,2020,25,35,60,8,0,196.05,9,40
11,2020,23,36,27,4,0,191.9,9,50
12,2020,21,36,17,6,0,194.34,9,46
1,2015,10,28,27,14,0,191.06,10,87
2,2015,18,39,12,5,0,188.34,10,72.9
3,2015,22,38,14,12,0,208.48,10,79.9
4,2015,21,37,19,11,0,212.53,10,63.4
5,2015,26,37,30,12,0,212,10,49.6
6,2015,27,35,48,11,0,196.32,10,49.6
7,2015,25,35,44,11,0.3,181.76,10,84.6
8,2015,23,33,62,10,0,173.9,10,102.1
9,2015,24,33,65,7,4.5,172.75,10,109.2
10,2015,24,37,46,8,0,199.45,10,123.7
11,2015,18,32,21,12,0,191.99,10,131.8
12,2015,12,28,22,15,0,182.5,10,118.8
1,2016,14,32,19,11,0,189.13,10,111.5
2,2016,18,37,8,8,0,193.22,10,121.2
3,2016,24,39,33,7,0,202.17,10,90.1
4,2016,24,40,19,10,0,214.49,10,108.2
5,2016,27,40,40,11,0.7,212.73,10,81.8
6,2016,26,36,40,12,0.1,183.79,10,54.4
7,2016,23,27,77,8,13.5,178.36,10,38
8,2016,23,32,62,9,8.5,174.15,10,83
9,2016,23,36,48,10,0,184.57,10,117.8
10,2016,23,37,19,7,0,193.45,10,133.3
11,2016,20,36,21,12,0,190.75,10,140.6
12,2016,16,32,18,10,0,182.53,10,114.5
1,2017,17,35,16,8,0,190.87,10,94.5
2,2017,14,30,14,16,0,190.13,10,81.7
3,2017,18,38,8,9,0,226.74,10,107.6
4,2017,23,39,16,13,0,216.72,10,152.9
5,2017,27,40,35,10,0,203.06,10,117.7
6,2017,25,33,53,17,0.8,178.44,10,121.2
7,2017,24,35,54,11,6.6,174.09,10,117.3
8,2017,24,30,67,14,5.9,179.92,10,123.2
9,2017,23,33,56,13,11.6,193.67,10,119.2
10,2017,23,36,18,15,0,207.69,10,121.1
11,2017,21,36,15,9,0,191.11,10,130.8
12,2017,16,32,15,11,0,176.95,10,137.5
1,2018,14,30,12,15,0,190.4,10,143.6
2,2018,18,34,13,13,0,187.22,10,126
3,2018,21,39,5,8,0,224.3,10,119.4
4,2018,26,40,29,14,0,221.85,10,131.2
5,2018,28,39,34,11,0,215.67,10,141.8
6,2018,26,36,43,19,0,194.51,10,136.5
7,2018,25,33,54,11,11.2,186.79,10,121.5
8,2018,23,31,63,11,5.8,174.95,10,123.3
9,2018,25,35,47,8,0.2,182.97,10,130.4
10,2018,23,37,23,9,0,203.18,10,127
11,2018,20,34,19,10,0,188.22,10,139.1
12,2018,16,29,17,17,0,177.71,10,148.6
1,2019,16,35,13,11,0,192.15,10,153.6
2,2019,16,32,12,14,0,179.2,10,118.1
3,2019,23,39,11,13,0,215.55,10,124.2
4,2019,23,39,9,9,0,215.12,10,148.2
5,2019,28,38,33,17,0,206.37,10,138.5
6,2019,27,38,36,13,0,190.48,10,127.7
7,2019,23,31,61,15,10.1,186.83,10,124.7
8,2019,23,26,82,16,12.8,156.2,10,119.1
9,2019,24,33,63,10,3.5,186.23,10,102.3
10,2019,24,30,65,11,1.7,177.54,10,102.7
11,2019,23,37,22,7,0,182.97,10,120.4
12,2019,18,31,17,16,0,186.93,10,115.1
1,2020,16,31,27,15,0,186.59,10,118.2
2,2020,17,33,18,17,0,189.17,10,125
3,2020,22,39,11,9,0,214.82,10,117.4
4,2020,25,41,24,11,0,217.33,10,124.3
5,2020,27,38,46,22,0.6,209.59,10,151.8
6,2020,25,37,47,13,0,191.32,10,100.4
7,2020,23,33,62,16,0,191.21,10,102
8,2020,23,33,70,16,0.8,157.19,10,102.1
9,2020,24,31,69,17,6.8,171.6,10,101.8
10,2020,22,37,29,10,0,196.31,10,128.9
11,2020,17,31,22,13,0,187.29,10,133
12,2020,17,32,18,13,0,186.11,10,123.8
1,2015,13,30,23,15,0,196.71,11,130.2
2,2015,17,37,21,7,0,184.66,11,127.4
3,2015,20,38,20,10,0,205.78,11,124.9
4,2015,22,37,41,10,0,212.16,11,134.6
5,2015,24,34,50,9,0,190.93,11,128.1
6,2015,23,28,78,11,6.5,166.51,11,99.8
7,2015,23,30,76,8,6.2,160.4,11,120
8,2015,21,29,82,6,0.6,150.94,11,147
9,2015,22,28,85,7,9.6,159.02,11,154
10,2015,23,31,78,6,0,189.5,11,156.9
11,2015,19,33,24,9,0,193.83,11,176
12,2015,15,27,26,17,0,190.62,11,174
1,2016,16,35,20,10,0,196.24,11,167
2,2016,18,38,11,8,0,197.1,11,149
3,2016,25,38,33,9,0,191.9,11,148
4,2016,23,37,41,9,0,200.55,11,155
5,2016,23,34,61,7,7.2,189.03,11,134
6,2016,22,30,69,9,0.3,170.19,11,111
7,2016,21,25,92,10,14.6,155.57,11,91
8,2016,22,27,86,7,12.8,150.77,11,120
9,2016,22,31,71,7,2.4,161.44,11,118
10,2016,22,32,63,7,0,182.67,11,131
11,2016,20,35,26,11,0,193.92,11,152
12,2016,18,34,19,9,0,189.67,11,143
1,2017,18,36,17,8,0,194.3,11,109
2,2017,17,31,13,18,0,192.26,11,114
3,2017,18,39,23,8,0,221.7,11,139
4,2017,23,38,21,9,0,195.5,11,180
5,2017,23,34,57,8,0.5,188.23,11,151
6,2017,23,29,77,11,5.4,163.96,11,116
7,2017,21,29,83,8,10.4,160.25,11,103
8,2017,21,25,87,12,7.4,151.47,11,87
9,2017,21,29,75,7,3.9,167.6,11,101
10,2017,21,33,25,10,0,198.78,11,107
11,2017,22,36,23,5,0,192,11,105
12,2017,20,36,16,7,0,181.37,11,103
1,2018,17,34,12,13,0,198.17,11,129
2,2018,21,37,18,9,0,183.94,11,125
3,2018,25,39,17,5,0,213.51,11,120
4,2018,26,36,47,11,0.1,205.34,11,111
5,2018,24,33,59,9,0.6,195.28,11,119
6,2018,24,31,65,13,3.9,166.23,11,105
7,2018,22,29,72,7,8.7,170.87,11,109
8,2018,21,27,79,8,8.8,152.16,11,127
9,2018,23,31,67,7,7.1,169.81,11,126
10,2018,23,33,54,5,0,183.07,11,143
11,2018,21,34,22,8,0,193.11,11,154
12,2018,19,32,15,17,0,187.62,11,120
1,2019,20,37,13,8,0,193.68,11,141
2,2019,21,37,14,12,0,179.54,11,141
3,2019,25,38,11,11,0,211.58,11,136
4,2019,25,39,13,5,0,208.51,11,150
5,2019,26,33,55,14,0.3,192.73,11,123
6,2019,23,33,69,9,0.5,157.37,11,146
7,2019,21,26,84,10,15.8,145.52,11,134
8,2019,20,23,90,10,33.3,139.01,11,131
9,2019,22,30,83,9,0.1,168.23,11,123
10,2019,22,28,79,9,7.1,157.24,11,125
11,2019,21,35,37,5,0,184.9,11,125
12,2019,20,32,24,15,0,191.37,11,134
1,2020,18,34,26,12,0,194.47,11,129
2,2020,20,35,17,15,0,196.41,11,120
3,2020,22,39,25,6,0,210.57,11,149
4,2020,25,36,47,14,0.2,207.65,11,82
5,2020,23,32,69,14,18.6,197.49,11,81
6,2020,22,31,79,9,1.4,170.92,11,78
7,2020,21,26,87,10,0.8,153.1,11,73
8,2020,22,27,88,11,1.7,142.26,11,95
9,2020,22,27,87,12,0.5,157.13,11,130
10,2020,22,34,60,7,0,192.81,11,156
11,2020,19,32,26,11,0,191.85,11,156
12,2020,20,33,24,10,0,192.05,11,149
